<?xml version="1.0" encoding="UTF-8" standalone="yes"?>
<!--This is an automatically generated file. DO NOT EDIT THIS FILE DIRECTLY.-->
<c74object name="pdm.amlfo~">
<metadatalist>
<metadata name="author">Philip Meyer</metadata>
<metadata name="tag">audio</metadata>
</metadatalist>
<methodlist>
<method name="message"><digest>message input</digest><description>message input</description></method>
</methodlist>
<attributelist>
<attribute name="carrier-freq" get="1" set="1" size="1" type="float64">
<digest>carrier-freq</digest>
</attribute>
<attribute name="gain" get="1" set="1" size="1" type="float64">
<digest>gain</digest>
</attribute>
<attribute name="am-amt" get="1" set="1" size="1" type="float64">
<digest>am-amt</digest>
</attribute>
<attribute name="jitter-amt" get="1" set="1" size="1" type="float64">
<digest>jitter-amt</digest>
</attribute>
<attribute name="jitter-freq" get="1" set="1" size="1" type="float64">
<digest>jitter-freq</digest>
</attribute>
<attribute name="jitter-smoothing" get="1" set="1" size="1" type="float64">
<digest>jitter-smoothing</digest>
</attribute>
<attribute name="modulator-freq" get="1" set="1" size="1" type="float64">
<digest>modulator-freq</digest>
</attribute>
</attributelist>
<description>Amplitude modulation LFO with jitter</description>
<digest>Amplitude modulation LFO with jitter</digest>
</c74object>