<?xml version="1.0" encoding="UTF-8" standalone="yes"?>
<!--This is an automatically generated file. DO NOT EDIT THIS FILE DIRECTLY.-->
<c74object name="pdm.onepulse~">
<metadatalist>
<metadata name="author">Philip Meyer</metadata>
<metadata name="tag">audio</metadata>
</metadatalist>
<methodlist>
<method name="message"><digest>message input</digest><description>message input</description></method>
</methodlist>
<attributelist></attributelist>
<description>like onebang for signals!</description>
<digest>like onebang for signals!</digest>
</c74object>