{
	"pattrstorage" : 	{
		"name" : "metropolis-presets",
		"slots" : 		{
			"1" : 			{
				"id" : 1,
				"data" : 				{
					"envelope" : [ 1000.0, 0.0, 1.0, 0.0, 0.0, 1, 0.0, 26.595744680851062, 1.0, 0, -0.545, 1000.0, 0.0, 1, -0.45, "curve" ],
					"fmmoddepth" : [ 0.07 ],
					"fmmodratio" : [ 0.75 ],
					"pitchoffset" : [ 60 ],
					"subdiv" : [ 16 ],
					"pitches" : [ 5, 7, 0, 3, 4, 7, 6, 6 ],
					"pulsecounts" : [ 6, 6, 4, 2, 2, 2, 3, 5 ],
					"gate" : [ 1, 1, 1, 1, 1, 1, 1, 1 ],
					"gatettime" : [  ],
					"swing" : [  ],
					"slides" : [  ],
					"skips" : [  ],
					"scale" : [  ],
					"live.grid[2]" : [  ]
				}

			}
,
			"2" : 			{
				"id" : 2,
				"data" : 				{
					"envelope" : [ 1000.0, 0.0, 1.0, 0.0, 0.0, 1, 0.0, 26.595744680851062, 1.0, 0, -0.545, 1000.0, 0.0, 1, -0.45, "curve" ],
					"fmmoddepth" : [ 0.07 ],
					"fmmodratio" : [ 0.75 ],
					"pitchoffset" : [ 60 ],
					"subdiv" : [ 16 ],
					"pitches" : [ 5, 7, 0, 3, 4, 7, 6, 6 ],
					"pulsecounts" : [ 6, 6, 4, 2, 2, 2, 3, 5 ],
					"gate" : [ 1, 1, 1, 1, 1, 3, 1, 1 ],
					"gatettime" : [  ],
					"swing" : [  ],
					"slides" : [  ],
					"skips" : [  ],
					"scale" : [  ],
					"live.grid[2]" : [  ]
				}

			}
,
			"3" : 			{
				"id" : 3,
				"data" : 				{
					"envelope" : [ 1000.0, 0.0, 1.0, 0.0, 0.0, 1, 0.0, 26.595744680851062, 1.0, 0, -0.545, 1000.0, 0.0, 1, -0.45, "curve" ],
					"fmmoddepth" : [ 0.07 ],
					"fmmodratio" : [ 0.75 ],
					"pitchoffset" : [ 60 ],
					"subdiv" : [ 16 ],
					"pitches" : [ 5, 7, 0, 3, 4, 7, 6, 6 ],
					"pulsecounts" : [ 6, 6, 4, 2, 2, 2, 3, 5 ],
					"gate" : [ 1, 1, 1, 1, 1, 2, 1, 1 ],
					"gatettime" : [  ],
					"swing" : [  ],
					"slides" : [  ],
					"skips" : [  ],
					"scale" : [  ],
					"live.grid[2]" : [  ]
				}

			}
,
			"4" : 			{
				"id" : 4,
				"data" : 				{
					"envelope" : [ 1000.0, 0.0, 1.0, 0.0, 0.0, 1, 0.0, 26.595744680851062, 1.0, 0, -0.545, 1000.0, 0.0, 1, -0.45, "curve" ],
					"fmmoddepth" : [ 0.07 ],
					"fmmodratio" : [ 0.75 ],
					"pitchoffset" : [ 60 ],
					"subdiv" : [ 16 ],
					"pitches" : [ 5, 7, 0, 3, 4, 7, 6, 6 ],
					"pulsecounts" : [ 6, 6, 4, 2, 2, 2, 3, 5 ],
					"gate" : [ 1, 1, 1, 1, 1, 2, 2, 1 ],
					"gatettime" : [  ],
					"swing" : [  ],
					"slides" : [  ],
					"skips" : [  ],
					"scale" : [  ],
					"live.grid[2]" : [  ]
				}

			}
,
			"5" : 			{
				"id" : 5,
				"data" : 				{
					"envelope" : [ 1000.0, 0.0, 1.0, 0.0, 0.0, 1, 0.0, 26.595744680851062, 1.0, 0, -0.545, 1000.0, 0.0, 1, -0.45, "curve" ],
					"fmmoddepth" : [ 0.07 ],
					"fmmodratio" : [ 0.75 ],
					"pitchoffset" : [ 60 ],
					"subdiv" : [ 16 ],
					"pitches" : [ 5, 7, 0, 3, 4, 7, 6, 6 ],
					"pulsecounts" : [ 6, 6, 4, 2, 2, 2, 3, 5 ],
					"gate" : [ 1, 2, 1, 1, 1, 2, 2, 1 ],
					"gatettime" : [  ],
					"swing" : [  ],
					"slides" : [  ],
					"skips" : [  ],
					"scale" : [  ],
					"live.grid[2]" : [  ]
				}

			}
,
			"6" : 			{
				"id" : 6,
				"data" : 				{
					"envelope" : [ 1000.0, 0.0, 1.0, 0.0, 0.0, 1, 0.0, 26.595744680851062, 1.0, 0, -0.545, 1000.0, 0.0, 1, -0.45, "curve" ],
					"fmmoddepth" : [ 0.07 ],
					"fmmodratio" : [ 0.75 ],
					"pitchoffset" : [ 60 ],
					"subdiv" : [ 16 ],
					"pitches" : [ 5, 7, 0, 3, 4, 7, 6, 6 ],
					"pulsecounts" : [ 6, 6, 4, 2, 2, 2, 3, 5 ],
					"gate" : [ 1, 2, 1, 2, 1, 2, 2, 1 ],
					"gatettime" : [  ],
					"swing" : [  ],
					"slides" : [  ],
					"skips" : [  ],
					"scale" : [  ],
					"live.grid[2]" : [  ]
				}

			}
,
			"7" : 			{
				"id" : 7,
				"data" : 				{
					"envelope" : [ 1000.0, 0.0, 1.0, 0.0, 0.0, 1, 0.0, 26.595744680851062, 1.0, 0, -0.545, 1000.0, 0.0, 1, -0.45, "curve" ],
					"fmmoddepth" : [ 0.07 ],
					"fmmodratio" : [ 0.75 ],
					"pitchoffset" : [ 60 ],
					"subdiv" : [ 16 ],
					"pitches" : [ 5, 7, 0, 3, 4, 7, 6, 6 ],
					"pulsecounts" : [ 6, 6, 4, 2, 2, 2, 3, 5 ],
					"gate" : [ 1, 2, 1, 2, 1, 2, 2, 2 ],
					"gatettime" : [  ],
					"swing" : [  ],
					"slides" : [  ],
					"skips" : [  ],
					"scale" : [  ],
					"live.grid[2]" : [  ]
				}

			}
,
			"8" : 			{
				"id" : 8,
				"data" : 				{
					"envelope" : [ 1000.0, 0.0, 1.0, 0.0, 0.0, 1, 0.0, 26.595744680851062, 1.0, 0, -0.545, 1000.0, 0.0, 1, -0.45, "curve" ],
					"fmmoddepth" : [ 0.07 ],
					"fmmodratio" : [ 0.75 ],
					"pitchoffset" : [ 60 ],
					"subdiv" : [ 16 ],
					"pitches" : [ 5, 7, 0, 3, 4, 7, 6, 6 ],
					"pulsecounts" : [ 6, 6, 4, 2, 2, 5, 3, 5 ],
					"gate" : [ 1, 2, 1, 2, 1, 3, 2, 2 ],
					"gatettime" : [ 1.0 ],
					"swing" : [  ],
					"slides" : [  ],
					"skips" : [  ],
					"scale" : [  ],
					"live.grid[2]" : [  ]
				}

			}
,
			"9" : 			{
				"id" : 9,
				"data" : 				{
					"envelope" : [ 1000.0, 0.0, 1.0, 0.0, 0.0, 1, 0.0, 26.595744680851062, 1.0, 0, -0.545, 1000.0, 0.0, 1, -0.45, "curve" ],
					"fmmoddepth" : [ 0.07 ],
					"fmmodratio" : [ 0.75 ],
					"pitchoffset" : [ 60 ],
					"subdiv" : [ 16 ],
					"pitches" : [ 5, 4, 0, 9, 4, 10, 1, 2 ],
					"pulsecounts" : [ 4, 4, 7, 5, 4, 4, 5, 1 ],
					"gate" : [ 1, 1, 2, 2, 2, 2, 2, 1 ],
					"gatettime" : [ 0.771653543307086 ],
					"swing" : [ 0.299212598425197 ],
					"slides" : [  ],
					"skips" : [  ],
					"scale" : [  ],
					"live.grid[2]" : [  ]
				}

			}
,
			"10" : 			{
				"id" : 10,
				"data" : 				{
					"envelope" : [ 1000.0, 0.0, 1.0, 0.0, 0.0, 1, 0.0, 26.595744680851062, 1.0, 0, -0.545, 1000.0, 0.0, 1, -0.45, "curve" ],
					"fmmoddepth" : [ 0.105 ],
					"fmmodratio" : [ 0.75 ],
					"pitchoffset" : [ 60 ],
					"subdiv" : [ 16 ],
					"pitches" : [ 5, 7, 5, 3, 8, 5, 7, 5 ],
					"pulsecounts" : [ 3, 7, 4, 3, 7, 3, 5, 3 ],
					"gate" : [ 1, 1, 2, 2, 3, 2, 2, 2 ],
					"gatettime" : [ 0.535433070866141 ],
					"swing" : [ 0.503937007874016 ],
					"slides" : [ 2, 0, 1.0, 5, 0, 1.0 ],
					"skips" : [ 1, 0, 1.0, 5, 0, 1.0, 6, 0, 1.0 ],
					"scale" : [  ],
					"live.grid[2]" : [  ]
				}

			}
,
			"11" : 			{
				"id" : 11,
				"data" : 				{
					"envelope" : [ 1000.0, 0.0, 1.0, 0.0, 0.0, 1, 0.0, 26.595744680851062, 1.0, 0, -0.545, 1000.0, 0.0, 1, -0.45, "curve" ],
					"fmmoddepth" : [ 0.105 ],
					"fmmodratio" : [ 0.75 ],
					"pitchoffset" : [ 60 ],
					"subdiv" : [ 16 ],
					"pitches" : [ 5, 7, 2, 3, 8, 3, 7, 2 ],
					"pulsecounts" : [ 2, 2, 4, 2, 6, 3, 6, 3 ],
					"gate" : [ 1, 1, 3, 2, 2, 2, 2, 1 ],
					"gatettime" : [ 0.535433070866141 ],
					"swing" : [ 0.503937007874016 ],
					"slides" : [ 2, 0, 1.0, 5, 0, 1.0 ],
					"skips" : [ 1, 0, 1.0, 5, 0, 1.0, 6, 0, 1.0 ],
					"scale" : [  ],
					"live.grid[2]" : [  ]
				}

			}
,
			"12" : 			{
				"id" : 12,
				"data" : 				{
					"envelope" : [ 1000.0, 0.0, 1.0, 0.0, 0.0, 1, 0.0, 26.595744680851062, 1.0, 0, -0.545, 1000.0, 0.0, 1, -0.305, "curve" ],
					"fmmoddepth" : [ 0.15 ],
					"fmmodratio" : [ 0.75 ],
					"pitchoffset" : [ 60 ],
					"subdiv" : [ 16 ],
					"pitches" : [ 2, 4, 5, 3, 5, 3, 6, 7 ],
					"pulsecounts" : [ 6, 6, 5, 5, 3, 3, 7, 5 ],
					"gate" : [ 1, 2, 1, 2, 1, 3, 2, 2 ],
					"gatettime" : [ 1.0 ],
					"swing" : [ 0.771653543307087 ],
					"slides" : [ 4, 0, 1.0 ],
					"skips" : [ 1, 0, 1.0, 5, 0, 1.0, 6, 0, 1.0 ],
					"scale" : [ 2334 ],
					"live.grid[2]" : [  ]
				}

			}
,
			"13" : 			{
				"id" : 13,
				"data" : 				{
					"envelope" : [ 1000.0, 0.0, 1.0, 0.0, 0.0, 1, 0.0, 26.595744680851062, 1.0, 0, -0.545, 1000.0, 0.0, 1, -0.305, "curve" ],
					"fmmoddepth" : [ 0.15 ],
					"fmmodratio" : [ 0.75 ],
					"pitchoffset" : [ 60 ],
					"subdiv" : [ 16 ],
					"pitches" : [ 2, 4, 5, 3, 5, 3, 6, 7 ],
					"pulsecounts" : [ 2, 6, 2, 5, 3, 3, 7, 2 ],
					"gate" : [ 1, 2, 1, 2, 2, 1, 2, 3 ],
					"gatettime" : [ 1.0 ],
					"swing" : [ 0.771653543307087 ],
					"slides" : [ 4, 0, 1.0 ],
					"skips" : [ 1, 0, 1.0, 5, 0, 1.0, 6, 0, 1.0 ],
					"scale" : [ 2334 ],
					"live.grid[2]" : [  ]
				}

			}

		}

	}

}
